{"short_name":"Outlier","name":"Outlier","icons":[{"src":"avatar-192.png","type":"image/png","sizes":"192x192"},{"src":"avatar-512.png","type":"image/png","sizes":"512x512"}],"screenshots":[{"src":"/images/web-app-1.png","type":"image/png","sizes":"1280x900"},{"src":"/images/web-app-2.png","type":"image/png","sizes":"1280x900"}],"start_url":"/","display":"standalone","scope":"https://collegesuccess-pwa.outlier.org/","theme_color":"#000000","description":"The future of online college is here.","background_color":"#161618"}